key,ko,eng
room.oxygen.level1,산소실 Lv.1,Oxygen Room Lv.1
room.oxygen.level2,산소실 Lv.2,Oxygen Room Lv.2
room.engine.level1,엔진실 Lv.1,Engine Room Lv.1
room.engine.level2,엔진실 Lv.2,Engine Room Lv.2
room.engine.level3,엔진실 Lv.3,Engine Room Lv.3
room.cockpit.level1,조종실 Lv.1,Cockpit Lv.1
room.cockpit.level2,조종실 Lv.2,Cockpit Lv.2
room.cockpit.level3,조종실 Lv.3,Cockpit Lv.3
room.medbay.level1,의무실 Lv.1,Medbay Lv.1
room.medbay.level2,의무실 Lv.2,Medbay Lv.2
room.power.level1,전력실 Lv.1,Power Room Lv.1
room.power.level2,전력실 Lv.2,Power Room Lv.2
room.power.level3,전력실 Lv.3,Power Room Lv.3
room.shield.level1,배리어실 Lv.1,Shield Room Lv.1
room.shield.level2,배리어실 Lv.2,Shield Room Lv.2
room.crewquarters.basic,생활관,Crew Quarters
room.crewquarters.big,큰 생활관,Large Crew Quarters
room.lifesupport.game,오락실,Arcade
room.lifesupport.sleep,수면실,Sleep Chamber
room.lifesupport.sauna,사우나,Sauna Room
room.lifesupport.theater,영화관,Theater
room.teleport.level1,위치전환기,Teleporter
room.weaponcontrol.level1,조준석 Lv.1,Weapons Control Lv.1
room.weaponcontrol.level2,조준석 Lv.2,Weapons Control Lv.2
room.ammunition.level1,탄약고 Lv.1,Ammunition Storage Lv.1
room.ammunition.level2,탄약고 Lv.2,Ammunition Storage Lv.2
room.storage.regular.small,일반 창고(소),General Storage(Small)
room.storage.regular.medium,일반 창고(중),General Storage(Medium)
room.storage.regular.big,일반 창고(대),General Storage(Large)
room.storage.animal.small,철창(소),Livestock Bay(Small)
room.storage.animal.medium,철창(중),Livestock Bay(Medium)
room.storage.animal.big,철창(대),Livestock Bay(Large)
room.storage.temperature.small,온도 조절 창고(소),Temperature-Controlled Storage(Small)
room.storage.temperature.medium,온도 조절 창고(중),Temperature-Controlled Storage(Medium)
room.storage.temperature.big,온도 조절 창고(대),Temperature-Controlled Storage(Large)
shipvalidation.error.noroom,방이 없습니다.,No rooms have been placed on the ship layout.
shipvalidation.error.nocockpit,조종실이 없습니다.,The ship needs a cockpit.
shipvalidation.error.noengineroom,엔진실이 없습니다.,The ship is missing an engine room.
shipvalidation.error.nopowerroom,전력실이 없습니다.,The ship is missing a power room.
shipvalidation.error.noteleportroom,텔레포트실이 없습니다.,The ship is missing a teleport room.
shipvalidation.error.nocrewquartersroom,생활 시설이 없습니다.,The ship needs a crew quarters room.
shipvalidation.error.none,함선 배치가 유효합니다.,The ship layout is valid and has passed all checks.
shipvalidation.error.unconnecteddoor,방의 문이 다른 방 또는 복도와 연결되어 있지 않습니다.,A room has a door that does not connect to any other room or hallway.
shipvalidation.error.isolatedroom,고립된 방이 있습니다.,One or more rooms are completely isolated and inaccessible from the rest of the ship.
shipvalidation.error.weaponplacement,무기의 위치가 올바르지 않습니다.,A weapon isn’t valid.
shipvalidation.error.weaponnotattachedtoroom,무기가 방에 달려있지 않습니다.,Weapons are not attached to any room.
shipvalidation.error.weaponfrontobject,무기의 앞쪽에 방이나 무기가 있습니다.,There is a room or weapon in front of the weapon.
shipvalidation.error.invalidweaponattachment,무기가 달린 방향이 올바르지 않습니다.,The weapon's attachment direction is incorrect.
outerhull.level1,외갑판 Lv.1,Outer Hull Lv.1
outerhull.level2,외갑판 Lv.2,Outer Hull Lv.2
outerhull.level3,외갑판 Lv.3,Outer Hull Lv.3
door.level1,일반 문,Door
door.level2,자동 문,Automatic Door
item.name.0,소금,Salt
item.name.1,날카로운 이빨,Sharp Tooth
item.name.2,단단한 비늘,Hard Scale
item.name.3,진주,Pearl
item.name.4,관상용 산호,Ornamental Coral
item.name.5,삼중수소,Tritium
item.name.6,쪽빛 단괴,Azure Chunk
item.name.7,마법의 소라고둥,Magical Conch Shell
item.name.8,자색 고사리,Purple Fern
item.name.9,독성 고사리,Toxic Fern
item.name.10,단단한 씨앗,Hard Seed
item.name.11,가벼운 씨앗,Light Seed
item.name.12,알 수 없는 씨앗,Unknown Seed
item.name.13,수상한 육포,Suspicious Jerky
item.name.14,폭발형 씨앗,Explosive Seed
item.name.15,알 껍질,Eggshell
item.name.16,굼벵이,Giant Worm
item.name.17,단단한 얼음조각,Hard Ice Shard
item.name.18,얼어붙은 수액,Frozen Sap
item.name.19,따뜻한 모피,Warm Fur
item.name.20,거대한 육포,Giant Jerky
item.name.21,얼음 조각상,Ice Statue
item.name.22,차가운 금속,Cold Metal
item.name.23,목재,Lumber
item.name.24,소금,Salt
item.name.25,곡물,Grain
item.name.26,생고기,Raw Meat
item.name.27,금,Gold
item.name.28,광학 렌즈,Optical Lens
item.name.29,원자로,Reactor
item.name.30,소,Cow
item.name.31,램프,Lamp
item.name.32,바늘,Needle
item.name.33,불길한 서적,Ominous Book
item.name.34,천,Cloth
item.name.35,눈동자,Eye
item.name.36,이빨,Tooth
item.description.0,생물에게 필수적인 영양분을 공급합니다.,Provides essential nutrients to living organisms.
item.description.1,날카로움을 유지하고 있는 무언가의 이빨입니다.,A tooth of something that retains its sharpness.
item.description.2,투박하지만 단단함을 유지하고 있는 무언가의 비늘입니다.,"A scale of something that, though rough, remains hard."
item.description.3,바다에서 만들어지는 영롱한 빛의 보석입니다.,A lustrous gem produced in the sea.
item.description.4,수조 속에 설치하여 아름다운 바다의 풍경을 연출합니다.,A decorative coral used to create a beautiful marine landscape in aquariums.
item.description.5,에너지 생산에 중요한 물질입니다.,A substance vital for energy production.
item.description.6,바다로 뒤덮인 행성에서 발견되는 푸른 빛의 광물 덩어리입니다.,A blue mineral chunk discovered on an ocean-covered planet.
item.description.7,알 수 없는 힘을 가진 소라고둥입니다.,A conch shell possessing an unknown power.
item.description.8,먹을 수는 있지만 불길한 색을 띈 고사리입니다.,An edible fern with an eerie hue.
item.description.9,강한 독성을 띈 고사리입니다.,A fern with potent toxicity.
item.description.10,단단한 껍질을 부수면 고소한 맛과 향을 내는 매력적인 식량입니다.,An attractive food that reveals a savory flavor and aroma when its hard shell is broken.
item.description.11,바람에 날아갈 듯 매우 가벼운 씨앗입니다. 그들만의 비밀 레시피가 필요합니다.,A very light seed that seems like it could be blown away by the wind; it requires its own secret recipe.
item.description.12,무엇이 자랄지 전혀 알 수 없는 씨앗 무더기입니다.,A bundle of seeds with entirely uncertain growth potential.
item.description.13,영양은 풍부하지만 무엇을 재료로 한 것인지 알 수 없는 수상한 육포입니다.,"A suspicious jerky that is nutritionally rich, yet its ingredients remain a mystery."
item.description.14,충격을 받으면 커다란 소리와 함께 폭발하는 씨앗입니다.,A seed that explodes with a loud noise when shocked.
item.description.15,원주민들이 태어나고 남은 알 껍질입니다. 풍부한 칼슘을 함유하고 있어 비료로 사용하기 적합합니다.,"An eggshell left over from native births, rich in calcium and ideal for use as fertilizer."
item.description.16,단순히 굼벵이로 지칭해도 될지 의문이 드는 거대한 벌레입니다. 미동도 없이 기묘한 소리를 냅니다.,A giant creature that challenges being simply called an earthworm; it emits strange sounds without moving.
item.description.17,행성 지하에 두껍게 깔린 얼음을 부숴 꺼낸 조각입니다.,A chunk of ice extracted from thick layers beneath the planet's surface.
item.description.18,마을 주변에 드물게 자라나는 나무의 수액이 얼어붙어 만들어집니다. 달달하고 시원한 맛이 일품입니다.,"Frozen sap from trees that rarely grow near villages, boasting an exquisitely sweet and refreshing taste."
item.description.19,두꺼운 털과 가죽으로 된 모피입니다. 설인들과 털 색이 동일합니다.,"A fur made of thick hair and leather, matching the color of the snowmen."
item.description.20,설인들이 남은 고기를 방치해서 만들어진 이 육포는 의외의 감칠맛을 제공합니다.,"Jerky created from leftover meat discarded by the snowmen, delivering an unexpectedly savory flavor."
item.description.21,설인들이 투박한 손으로 깎아낸 조각상입니다. 보기와 다른 섬세한 손길이 느껴집니다.,"An ice statue roughly carved by the snowmen, yet reflecting unexpectedly delicate craftsmanship."
item.description.22,이 행성에서만 드물게 발견되는 검은색 광물로 차가운 냉기를 끈임없이 뿜어냅니다.,A rare black mineral on this planet that continuously radiates a chilling cold.
item.description.23,다양한 기후를 견디고 자란 나무를 가공한 소재입니다.,A material derived from trees that thrive in diverse climates.
item.description.24,생물에게 필수적인 영양분을 공급합니다.,Provides essential nutrients to living organisms.
item.description.25,"다양한 식감과 향, 영양분을 가진 식량입니다.","A food with diverse textures, flavors, and nutritional value."
item.description.26,우리가 아는 맛있는 여러 고기를 섞은 덩어리입니다.,A lump of assorted delicious meats.
item.description.27,반짝이는 이 금속은 다양한 산업과 사치품에 사용됩니다.,This glittering metal is utilized in various industries and luxury items.
item.description.28,정교하게 세공된 이 유리 렌즈는 다양한 산업에 사용됩니다.,A finely crafted glass lens used in multiple industries.
item.description.29,비교적 작은 공간에서 거대한 에너지를 생산해낼 수 있는 시설입니다.,A reactor capable of generating massive amounts of energy in a compact area.
item.description.30,맛있습니다.,It is delicious.
item.description.31,낣은 외양의 램프입니다. 내부에서 새어나오는 불빛에 어째선지 불길함이 느껴집니다.,"A lamp with a shabby appearance; the light emanating from within gives off an eerie, ominous vibe."
item.description.32,알 수 없는 소재로 만들어진 이 바늘은 그들만의 제사에서 중요한 역할을 담당합니다.,"A needle made from an unknown material, playing a vital role in their exclusive rituals."
item.description.33,알 수 없는 문자가 나열된 서적입니다. 어디선가 불길한 목소리가 들려오는 것 같습니다.,A book inscribed with mysterious characters; an ominous whisper seems to emanate from it.
item.description.34,부드럽고 탄력적인 매력적인 천입니다. 원료가 무엇인지 파악할 수 없습니다.,A charming fabric that is soft and resilient; its source material remains unknown.
item.description.35,영롱한 세로 동공을 가진 파충류의 눈을 연상시키는 무늬가 포함된 수정입니다. 방금 눈을 마주친 것 같습니다.,"A crystal adorned with a pattern reminiscent of a reptile's eye, complete with gleaming vertical pupils, as if it has just met your gaze."
item.description.36,"출처를 알 수 없는, 날카롭고 거대한 이빨입니다. 미지의 공포가 당신에게 손을 내밉니다.","A massive, sharp tooth of unknown origin; it exudes an aura of unfathomable terror."
crew.race.human,인간형,Human
crew.race.amorphous,부정형,Amorphous
crew.race.mechanictank,기계 돌격형,Mechanic Tank
crew.race.mechanicsup,기계 지원형,Mechanic Sup
crew.race.beast,짐승형,Beast
crew.race.insect,곤충형,Insect
crew.race.mechanic,기계형,Mechanic
crew.skilltype.pilot,조종실 숙련도,Pilot Skill
crew.skilltype.engine,엔진실 숙련도,Engine Skill
crew.skilltype.power,전력실 숙련도,Power Skill
crew.skilltype.shield,배리어실 숙련도,Shield Skill
crew.skilltype.weapon,조준석 숙련도,Weapon Skill
crew.skilltype.ammunition,탄약고 숙련도,Ammunition Skill
crew.skilltype.medbay,의무실 숙련도,MedBay Skill
crew.skilltype.repair,수리 숙련도,Repair Skill
crew.skilltype.repairshort,수리,Repair
equipment.weapon.0,텅스텐 진압봉,Tungsten Baton
equipment.weapon.1,레이저 진압봉,Laser Baton
equipment.weapon.2,고전압 진압봉,High Voltage Baton
equipment.weapon.3,자동 추적 작살,Auto Tracking Harpoon
equipment.weapon.4,큰 발톱,Big Claw
equipment.weapon.5,BF 건,BF Gun
equipment.weapon.6,해적 Lv.1,PirateLv1
equipment.weapon.7,해적 Lv.2,PirateLv2
equipment.weapon.8,해적 Lv.3,PirateLv3
equipment.weapon.9,해적 Lv.4,PirateLv4
equipment.weapon.10,해적 Lv.5,PirateLv5
equipment.shield.0,탄소 섬유 선원복,Carbon Fiber Suit
equipment.shield.1,고밀도 생물 압축 선원복,High Density Bio Suit
equipment.shield.2,고밀도 압축 금속 선원복,High Density Metal Suit
equipment.shield.3,행동 보조 생물,Behaviour Assistant Creature
equipment.shield.4,고밀도 냉각 액체,High Density Cooling Liquid
equipment.shield.5,해적 공용 방어구,Pirate Public Shield
equipment.assistant.0,착용하지 않음,Empty
equipment.assistant.1,휴대용 전원 연결 장치,Portable Power Connection Device
equipment.assistant.2,만능 수리 키트,Universal Repair Kit
equipment.assistant.3,응급 의료 키트,Emergency Medical Kit
equipment.assistant.4,은하 나침반,Galaxy Compass
equipment.assistant.5,자동 조준 장치,Automatic Aiming Device
equipment.assistant.6,뇌 보조 칩,Brain Assistant Chip
equipment.assistant.7,해적 공용 보조 장치,Pirate Public Assistant
equipment.weapon.description.0,묵직한 막대기는 긴 역사상 훌륭한 무기로서 사용되어 왔습니다.,A heavy stick has long served as a reliable weapon throughout history.
equipment.weapon.description.1,"밝게 빛나는, 크고 단단한 막대기입니다.","A brightly glowing, large and solid stick."
equipment.weapon.description.2,위협적인 전류가 흐르는 진압봉입니다.,A riot baton crackling with menacing electricity.
equipment.weapon.description.3,바다로 뒤덮인 행성에서 드물게 발견되는 유물입니다.그들조차 어떻게 만들었는지 모릅니다.,A relic rarely found on ocean-covered planets. Even its creators don’t know how it was made.
equipment.weapon.description.4,높은 산에 서식하는 거대한 조류의 발톱을 가공하여 만든 단검입니다.,A dagger crafted from the talon of a giant bird living in high mountains.
equipment.weapon.description.5,인간형 종족이 만든 진화의 산물입니다.,"A product of evolution, crafted by humanoid species."
equipment.weapon.description.6,해적 Lv.1 전용 무기,Weapon exclusively for Pirate Lv.1.
equipment.weapon.description.7,해적 Lv.2 전용 무기,Weapon exclusively for Pirate Lv.2.
equipment.weapon.description.8,해적 Lv.3 전용 무기,Weapon exclusively for Pirate Lv.3.
equipment.weapon.description.9,해적 Lv.4 전용 무기,Weapon exclusively for Pirate Lv.4.
equipment.weapon.description.10,해적 Lv.5 전용 무기,Weapon exclusively for Pirate Lv.5.
equipment.shield.description.0,충격을 분산시켜줍니다. 충분할지는 모르겠습니다.,Disperses impact. Whether it's enough is uncertain.
equipment.shield.description.1,어떤 생물체의 가죽을 강하게 압축시켜 만든 선원복입니다. 강렬한 누린내가 뇌를 강타합니다.,A crew suit made by compressing the hide of an unknown creature. The intense stench hits you like a brick.
equipment.shield.description.2,여러 행성의 금속을 섞어 만든 합금을 강하게 압축시켜 만든 선원복입니다. 잘 접으면 무기로도 쓸 수 있을 것 같습니다.,"A crew suit made from a compressed alloy of metals from various planets. If folded well, it might serve as a weapon."
equipment.shield.description.3,"다른 생물에 기생하여 살아가는, 부정형 종족 행성 출신의 저지능 생물체입니다. 가끔 착용자의 몸을 간지럼 태웁니다.",A low-intelligence organism from an amorphous species' planet that lives by parasitizing others. Occasionally tickles the wearer's body.
equipment.shield.description.4,"고밀도로 압축된 액체가 끊임없이 순환하며 충격을 흡수하는 특수복입니다. 장시간 착용 시, 동상에 주의하세요.",A special suit where highly compressed liquid circulates constantly to absorb shocks. Beware of frostbite if worn for extended periods.
equipment.shield.description.5,해적 공용 방어구,Standard pirate armor.
equipment.assistant.description.0,아무 것도 착용하지 않은 상태,Nothing is equipped.
equipment.assistant.description.1,함선이 지금보다 잦은 고장이 발생하던 시절에 수리공이 휴대하던 수리키트의 일부입니다.,A part of a repair kit once carried by mechanics during times when ships broke down more frequently.
equipment.assistant.description.2,"무엇이든 고칠 수 있는 수리키트입니다! (단, 생물은 수리가 불가능합니다)",A repair kit that can fix almost anything! (Except living organisms.)
equipment.assistant.description.3,빠르게 생물의 신체를 복구시킵니다.,Quickly restores the body of living organisms.
equipment.assistant.description.4,은하의 방향을 알려주는 나침반입니다.,A compass that points the way through the galaxy.
equipment.assistant.description.5,함선 무기의 조준을 자동으로 도와주는 친절한 장치입니다.,A friendly device that assists in automatically aiming ship weapons.
equipment.assistant.description.6,사고 기관을 보조해주는 첨단 기술의 집합체입니다.,A high-tech ensemble designed to support cognitive functions.
equipment.assistant.description.7,해적 보조 장치,A pirate support device.
room.categories.essential,필수 시설,Essential
room.categories.auxiliary,보조 시설,Auxiliary
room.categories.living,생활 시설,Living
room.categories.storage,저장고,Storage
room.categories.etc,기타,Etc
event.name.0,블랙홀!,BlackHole !
event.name.1,혜성비가 내려와,Comet Rain is Falling
event.name.2,||!?%$^\?,||!?%$^\?
event.name.3,찬란한 기계신이시여!,"Oh, Glorious Machine God!"
event.name.4,웜홀?,Wormhole?
event.name.5,번식 기술 발달,Breeding Development
event.name.6,문화 혁신 운동,Cultural Renaissance
event.name.7,우주 제조 공장 폭발 사고,Explosion at Space Manufacturing Plant
event.name.8,공정 혁신,Process Innovation
event.name.9,과도한 유물 발굴,Excessive Excavation of Artifacts
event.name.10,대흉년,Famine
event.name.11,축제,Festival
event.name.12,산업 혁명,Industrial Revolution
event.name.13,전염병 발생,Influenza
event.name.14,광물 고갈,Mineral Depletion
event.name.15,과다 채굴,Mineral Glut
event.name.16,사냥 금지,No Hunting
event.name.17,애완동물 열풍,Pet Craze
event.name.18,종교 부흥,Religious Revival
event.name.19,대풍년,Rich Year
event.name.20,대파업,General Strike
event.name.21,향신료 열풍,Spice Boom
event.name.22,국방 강화,Strengthening National Defense
event.name.23,공급망 붕괴,Supply Chain Disruption
event.name.24,전쟁 발발,War Outbreak
event.name.25,코로나-77,Covid-77
event.name.26,동우주회사,East Space Company
event.name.27,광우병,Mad Cow Disease
event.name.28,공공의료확대,Expansion of Public Health Care
event.name.29,은하 전쟁 잔여 무기 경매,Galatic Surplus Arms Auction
event.name.30,SNS 광풍,SNS Craze
event.name.31,소행성 충돌,Asteroid Collision
event.name.32,행성 검역 통제,Planet Quarantine Inspection
event.name.33,외신의 부름,Call of the Alien God
event.name.34,전자기 폭풍,Electromagnetic Storm
event.name.35,꽃 재배,Floriculture
event.name.36,해킹,Hacking
event.name.37,털 관리,Fur Care
event.name.38,젤라틴 요리,Gelatin Cooking
event.name.39,윤활유 바르기,Lubricate
event.name.40,은하수 관찰,Milky Way Observation
event.name.41,로봇 청소기,Robot Vacuum
event.name.42,의문의 택배,Mysterious Package
event.name.43,해적 급습,Pirate Raid
event.name.44,치유의 노래,Song of Healing
event.name.45,무역 지원금,Trade Welfare
event.name.46,고대 문서 해독,Decoding Ancient Documents
event.name.47,폭염,Heat Wave
event.name.48,의료 봇 발견,Med-bot Discovery
event.name.49,꽃가루 샤워,Pollen Shower
event.name.50,시스템 점검,System Check
event.name.51,우주 로또,Space Lotto
event.name.52,소행성대 기동 훈련,Asteroid Field Maneuvering Training
event.name.53,우주 먼지 소용돌이,Cosmic Dust Vortex
event.name.54,버려진 고철선,Derelict Scrap Vessel
event.name.55,습기 과다 발생,Excessive Humidity Surge
event.name.56,연료 방문상인,Fuel Peddler’s Visit
event.name.57,은하 구조 신호,Galactic Distress Signal
event.name.58,주유소 발견,Gas Station Discovery
event.name.59,중력 왜곡 지대,Gravitational Distortion
event.name.60,우주 멀미,Space Sickness
event.name.61,잔치,Party
event.name.62,업무 과다,Work Overload
event.name.63,연마,Sharpening
event.name.64,우주 오로라,Space Aurora
event.name.65,우주 서점,Space Bookstore
event.name.66,우주쓰레기,Space Junk
event.name.67,우주 통행소,Space Tollgate
event.name.68,식량 오염,Food Contamination
event.name.69,국가 건강 검진,National Health Checkup
event.name.70,우주 휴게소,Space Rest Stop
event.name.71,고주파 공격,Ultrasonic Attack
event.name.72,VR기계 사용,VR Machine
event.description.0,예측하지 못한 블랙홀이 함선을 빨아들입니다.,
event.description.1,긴 꼬리를 흩날리며 무수히 많은 혜성이 함선 근처를 지나갑니다.,
event.description.2,끔찍한 외신과 눈이 마주칩니다.,
event.description.3,함선 내의 기계 장치들이 오작동을 일으킵니다.,
event.description.4,함선 AI가 웜홀의 발견을 알립니다.,
event.description.5,{0} 행성에서 새로운 번식 기술이 발달하여 동물 번식률이 증가합니다.,
event.description.6,{0} 행성 내 예술과 문화 활동이 활성화 되면서 유물과 예술품의 가치가 재평가됩니다.,
event.description.7,{0} 행성에서 대량의 소재 생산을 담당하던 공장이 폭발 하였습니다.,
event.description.8,{0} 행성에서 같은 양의 광물로 더 많은 소재를 생산할 수 있는 기술이 개발되었습니다.,
event.description.9,{0} 행성에 유물 발굴 산업이 활발하게 발달하여 매우 많은 유물이 발굴됩니다.,
event.description.10,{0} 행성 전체에 지독한 흉년이 발생했습니다.,
event.description.11,{0} 행성 전체에 즐거운 축제가 시작됩니다.,
event.description.12,{0} 행성에서 산업혁명이 발달하여 광물을 대량 사용해 재료를 대량생산 하기 시작했습니다.,
event.description.13,{0} 행성에서 전염병이 발병하였습니다.,
event.description.14,{0} 행성에서의 과다한 채굴로 인해 광석이 고갈되었습니다.,
event.description.15,{0} 행성에 대량의 광산이 발생되어 광물 공급이 매우 많아집니다.,
event.description.16,{0} 행성에서 공식적으로 야생동물을 사살하는 것이 금지되었습니다.,
event.description.17,{0} 행성에서 Utube로 인해 애완동물 영상이 히트를 쳐 행성 애완동물 열풍이 불었습니다.,
event.description.18,"{0} 행성 내 종교활동이 활성화되어, 종교적 유물의 값어치가 상승합니다.",
event.description.19,{0} 행성 전체에 대풍년이 발생했습니다.,
event.description.20,{0} 행성에서 노동자들의 대파업이 발생했습니다.,
event.description.21,"{0} 행성에서 요리 레시피가 다양하게 풀리면서, 향신료의 수요가 급등했습니다.",
event.description.22,{0} 행성 정부에서 국방력 강화를 공식적으로 선포하였습니다.,
event.description.23,{0} 행성에서 소재를 수출하는 국가의 무역을 제한하였습니다. 소재 가격이 급등합니다.,
event.description.24,{0} 행성 내 같은 종족끼리 강한 적의를 드러냅니다.,
event.description.25,{0} 행성 전체에 매우 오래 지속되고 감염성이 강한 질병이 돌기 시작하였습니다.,
event.description.26,"{0} 행성 내 향신료 관련 물품을 한 회사가 독점하면서, 향신료의 가격이 폭등하였습니다.",
event.description.27,"{0} 행성에서 광우병 사태가 발병해, 모든 동물가격이 하락합니다.",
event.description.28,"{0} 행성에서 공공의료확대로 인해, 민영화 되어 비싸진 약값이 하락합니다.",
event.description.29,"{0} 행성에서 대은하 전쟁이 끝난 직후, 넘처나는 무기를 처분하기 시작했습니다.",
event.description.30,{0} 행성에서 SNS가 유행하기 시작하여 사치품 구매량이 폭등합니다.,
event.description.31,빠른 속도로 다가온 소행성이 선체를 강하게 타격합니다.,
event.description.32,입항을 시도하는 행성의 위성 기지에서 검역을 시행 중입니다.,
event.description.33,함선 내에 외신의 목소리가 울려퍼집니다.,
event.description.34,갑작스러운 전자기 폭풍이 몰려옵니다.,
event.description.35,꽃 씨앗을 얻어서 함선 내에서 재배하기로 했습니다.,
event.description.36,해킹 신호가 감지되었습니다. 빠르게 대응해야 합니다.,
event.description.37,동물형 선원들의 털을 관리해주기로 했습니다.,
event.description.38,젤라틴을 가지고 요리를 시도합니다.,
event.description.39,기계형 선원들에게 윤활유를 바릅니다. 윤활유 양을 확인해봅니다.,
event.description.40,아름다운 은하수 입니다. 신비로운 힘이 흘러들어오는 느낌입니다.,
event.description.41,로봇 청소기를 발견하였습니다. 당신은 가동해보기로 결정합니다.,
event.description.42,의문의 택배 상자를 발견했습니다. 열어볼지 결정해야 합니다.,
event.description.43,어느새 따라 붙은 해적들이 급습해옵니다.,
event.description.44,어딘가에서 들려오는 노랫소리로 인해 선원들이 기운을 차립니다.,
event.description.45,"무역 진흥 활동의 일환으로, 지원금이 지급됩니다.",
event.description.46,고대 문서를 발견했습니다. 해독할지 그냥 놔둘지 선택해야 합니다.,
event.description.47,함내가 매우 더워졌습니다. 에어컨을 가동할지 결정해야 합니다.,
event.description.48,떠다니는 의료봇을 발견하였습니다. 겉은 멀쩡해 보입니다.,
event.description.49,함선내에 꽃가루가 날리기 시작했습니다. 알레르기가 있는 선원은 조심해야 할거같습니다.,
event.description.50,함선이 낡아 시스템을 점검해야 합니다. 점검할지 그냥 넘길지 결정해야 합니다.,
event.description.51,"방문 판매원이 우주 로또를 판매중입니다.
1등 50000COMA
2등 10000COMA
3등 5000COMA
4등 2000COMA
5등 1000COMA
6등 꽝 이라고 적혀있습니다.",
event.description.52,"항해 중 눈앞에 소행성대가 펼처집니다. 돌아갈 지, 아니면 선원들의 실력을 시험해 볼 지 결정해야 합니다.",
event.description.53,바깥에서 우주 먼지가 몰려들어옵니다. 건강에 좋지 않아보입니다.,
event.description.54,항해도중 버려진 고철선을 발견하였습니다. 선원들을 보내 내부를 확인해 볼지 결정해야 합니다.,
event.description.55,물 공급받는 장치가 고장나 습기가 과다하게 발생합니다. 신속하게 수리해야 할 듯 합니다.,
event.description.56,"연료 방문상인이 연료를 판매하려 합니다. 평소보단 비싼 가격이지만, 연료가 부족할거 같으면 구매하는것도 고려해 볼 만한 듯합니다.",
event.description.57,여행하던 도중 구조 신호가 잡혔습니다. 신호를 보낸 곳으로 가볼지 결정해야 합니다.,
event.description.58,주유소를 발견했습니다. 연료를 보충할 수 있을 것 같습니다.,
event.description.59,항해중 중력 왜곡 지대를 발견하였습니다. 돌아서 지나갈지 그대로 돌파할지 결정해야 합니다.,
event.description.60,인간형 선원들이 우주 멀미를 겪고 있습니다.,
event.description.61,선원들이 파티 개최를 제안하였습니다. 1000COMA를 소모해 파티를 개최할지 결정해야 합니다.,
event.description.62,선원들이 과도한 업무에 피로를 느낍니다.,
event.description.63,함선 내 연마재를 이용하여 무딘걸 날카롭게 할 수 있을듯 합니다. 연마를 시작할지 결정해야 합니다.,
event.description.64,아름다운 오로라가 함선을 감쌉니다. 무슨 일이 벌어질지 모르겠습니다.,
event.description.65,항해중 이동형 우주 서점을 발견하였습니다. 책 몇권을 구매할 수 있습니다.,
event.description.66,항해도중 우주쓰레기가 덮쳐오기 시작했습니다. 큰 피해가 없기를 바래봅니다.,
event.description.67,해적들이 무단으로 통행소를 만들었습니다. 500COMA를 내야 통과할수 있다고 합니다.,
event.description.68,선원들의 식량이 오염되었습니다.,
event.description.69,국가에서 정기적으로 이루어진 건강 검진을 받는 날입니다.,
event.description.70,항해중 우주 휴게소를 발견하였습니다.,
event.description.71,우주에서 알수없는 고주파가 흘러들어옵니다.,
event.description.72,당신은 VR기게를 구입해 함내에 도입하였습니다. 선원들에거 VR기계 사용시간을 가지게 할 수 있습니다.,
event.description.73,,
event.description.74,,
,,
event.choice.0.1,결과 보기,
event.choice.1.1,결과 보기,
event.choice.2.1,결과 보기,
event.choice.3.1,결과 보기,
event.choice.4.1,결과 보기,
event.choice.5.1,결과 보기,
event.choice.6.1,결과 보기,
event.choice.7.1,결과 보기,
event.choice.8.1,결과 보기,
event.choice.9.1,결과 보기,
event.choice.10.1,결과 보기,
event.choice.11.1,결과 보기,
event.choice.12.1,결과 보기,
event.choice.13.1,결과 보기,
event.choice.14.1,결과 보기,
event.choice.15.1,결과 보기,
event.choice.16.1,결과 보기,
event.choice.17.1,결과 보기,
event.choice.18.1,결과 보기,
event.choice.19.1,결과 보기,
event.choice.20.1,결과 보기,
event.choice.21.1,결과 보기,
event.choice.22.1,결과 보기,
event.choice.24.1,결과 보기,
event.choice.25.1,결과 보기,
event.choice.26.1,결과 보기,
event.choice.27.1,결과 보기,
event.choice.28.1,결과 보기,
event.choice.29.1,결과 보기,
event.choice.30.1,결과 보기,
event.choice.31.1,회피할 준비를 한다.,
event.chioce.32.1,검역에 협조한다.,
event.chioce.32.2,뇌물을 건넨다.(500COMA),
event.chioce.32.3,강제로 돌파한다.,
event.choice.33.1,결과 보기,
event.choice.34.1,대응할 준비를 한다.,
event.choice.35.1,결과 보기,
event.choice.36.1,대응한다.,
event.choice.37.1,털을 빗는다.,
event.choice.38.1,요리한다.,
event.choice.39.1,윤활유를 칠한다.,
event.choice.40.1,은하수를 바라본다.,
event.choice.41.1,로봇 청소기를 가동한다.,
event.choice.42.1,열어본다.,
event.choice.42.2,버려버린다.,
event.choice.43.1,전투한다.,
event.choice.44.1,결과 보기,
event.choice.45.1,지원금 수령,
event.choice.46.1,해독한다,
event.choice.46.2,무시한다,
event.choice.47.1,에어컨을 가동한다.,
event.choice.48.1,의료봇을 가동한다.,
event.choice.48.2,의료봇을 가동하지 않는다.,
event.choice.49.1,결과 보기,
event.choice.50.1,점검한다.(500COMA),
event.choice.50.2,점검하지 않는다.,
event.choice.51.1,구매하기(1000COMA),
event.choice.51.2,구매하지 않기,
event.choice.52.1,통과한다.,
event.choice.52.2,돌아간다.,
event.choice.53.1,결과,
event.choice.54.1,선원들을 보낸다.,
event.choice.54.2,그냥 지나간다.,
event.choice.55.1,수리한다.,
event.choice.56.1,구매한다.(100COMA),
event.choice.56.2,구매하지 않는다.,
event.choice.57.1,간다.,
event.choice.57.2,가지 않는다.,
event.choice.58.1,연료 보충,
event.choice.59.1,돌파한다.,
event.choice.59.2,우회한다.,
event.choice.60.1,인간형 선원들을 확인한다.,
event.choice.61.1,파티 개최(1000COMA),
event.choice.61.2,개최하지 않는다.,
event.choice.62.1,선원들의 상태를 살핀다.,
event.choice.63.1,연마 시작,
event.choice.63.2,하지 않는다.,
event.choice.64.1,오로라를 감상한다.,
event.choice.65.1,구매한다(500COMA),
event.choice.65.2,구매하지 않는다.,
event.choice.66.1,회피한다,
event.choice.67.1,통행료를 낸다.(500COMA),
event.choice.67.2,전투 돌입!!,
event.choice.68.1,선원들의 상태를 살핀다.,
event.choice.69.1,검진을 받는다.,
event.choice.70.1,휴식한다.,
event.choice.71.1,결과 보기,
event.choice.72.1,사용하게 한다.,
event.choice.72.2,사용하게 하지 않는다.,
,,
,,
,,
,,
,,
,,
,,
,,
,,
,,
,,
,,
,,
,,
,,
,,
,,
,,
,,
,,
,,
,,
,,
,,
event.result.0.1.1,"함선 내 선원들의 사기가 10년간 감소합니다.
엔진실이 파손됩니다.",
event.result.1.1.1,함선 내 선원들의 사기가 10년동안 증가합니다.,
event.result.2.1.1,"부정형 선원의 사기가 15년간 증가합니다.
부정형을 제외한 선원들의 사기가 15년간 감소합니다.",
event.result.3.1.1,"함선 내 기계형 선원들의 사기가 15년간 증가합니다.
함선내 일부 시설이 오작동하여 파괴되었습니다.",
event.result.3.1.2,"함선 내 기계형 선원들의 숙련도가 15년간 증가합니다.
함선내 일부 시설이 오작동 하였으나 다행히 파괴된 곳은 없어보입니다.",
event.result.4.1.1,무작위 행성으로 텔레포트합니다. ヂฬ$※ΨΞΔーƷ⟨ツӁ⟬⟪Ҝ$※ΨΞΔΞΔーƷ⟨ツӁ⟬⟪ΨΞΔーƷ⟨ツӁ⟬⟪Ҝ$※ΨΞΔΞΔーƷ⟨ツӁ⟬⟪ҜΨΞΔーƷ⟨ツӁ⟬⟪Ҝ$※ҜΨΞΔーƷ⟨ツӁ⟬⟪Ҝ$※ΨΞ,
event.result.5.1.1,{0} 행성의 동물 가격이 20% 감소합니다.,
event.result.6.1.1,"{0} 행성의 유물, 사치품의 가격이 20% 상승합니다.
보석의 가격이 20% 감소합니다.",
event.result.7.1.1,{0} 행성의 소재 가격이 30% 상승합니다.,
event.result.8.1.1,{0} 행성의 소재 가격이 30% 하락합니다.,
event.result.9.1.1,{0} 행성의 유물 가격이 20% 하락합니다.,
event.result.10.1.1,{0} 행성의 식량 가격이 20% 증가합니다.,
event.result.11.1.1,"{0} 행성의 식량 가격, 사치품 가격이 10% 증가합니다.
무기류 가격이 10% 감소합니다.",
event.result.12.1.1,{0} 행성의 소재 가격이 20% 하락합니다. 광물 가격이 20% 상승합니다.,
event.result.13.1.1,{0} 행성의 의료품 가격이 20% 증가합니다.,
event.result.14.1.1,{0} 행성의 광물과 보석의 가격이 20% 상승합니다.,
event.result.15.1.1,{0} 행성의 광물과 보석의 가격이 20% 하락합니다.,
event.result.16.1.1,"{0} 행성의 총기류, 동물 가격이 10% 감소합니다.
음식 가격이 10% 증가합니다.",
event.result.17.1.1,{0} 행성의 동물 가격이 20% 증가합니다.,
event.result.18.1.1,{0} 행성의 유물 가격이 20% 상승합니다.,
event.result.19.1.1,{0} 행성의 식량 가격이 20% 감소합니다.,
event.result.20.1.1,"{0} 행성의 무기류, 의료품, 소재 가격이 20% 감소합니다.",
event.result.21.1.1,{0} 행성의 향신료 가격이 20% 증가합니다.,
event.result.22.1.1,{0} 행성의 무기류 가격이 20% 상승합니다.,
event.result.24.1.1,"{0} 행성의 무기류, 식량 가격이 10% 증가합니다.
사치품 가격이 10% 감소합니다.",
event.result.25.1.1,{0} 행성의 의료품 가격이 40% 증가합니다.,
event.result.26.1.1,{0} 행성의 향신료 가격이 40% 증가합니다.,
event.result.27.1.1,{0} 행성의 동물 가격이 50% 감소합니다.,
event.result.28.1.1,{0} 행성의 의약품 가격이 50% 하락합니다.,
event.result.29.1.1,{0} 행성의 무기류 가격이 40% 하락합니다.,
event.result.30.1.1,{0} 행성의 사치품 가격이 50% 상승합니다.,
event.result.31.1.1,성공적으로 회피하여 피해를 입지 않았습니다.,
event.result.31.1.2,"회피 실패해서 소행성이 에선체를 타격하였습니다.
일부 시설에 피해가 발생합니다.",
event.result.32.1.1,검역결과 이상이 없어서 무사히 통과하였습니다.,
event.result.32.1.2,검역결과 이상이 발견되어 여러 서류를 작성하느라 장기간 체류하였습니다.,
event.result.32.1.1,뇌물을 건내 무사히 통과하였습니다.,
event.result.32.1.1,"강제 돌파에 성공하였으나, 함선 일부가 파손되었습니다.",
event.result.32.1.2,강제 돌파에 실패하여 전투에 돌입합니다.,
event.result.33.1.1,부정형 선원들의 사기가 감소합니다.,
event.result.34.1.1,"성공적으로 대응하여 시설에 피해가 가는것을 막았습니다.
하지만 기계형 선원들은 폭풍의 여파를 피해가지 못했습니다.",
event.result.34.1.2,"대응에 실패하여 일부 시설에 피해가 발생하였습니다.
기계형 선원들 역시 폭풍의 여파를 피해가지 못했습니다.",
event.result.35.1.1,"꽃이 아름답게 잘 자랐습니다.
모든 선원들이 좋아하는데 곤충형 선원들은 더욱 좋아합니다.",
event.result.35.1.2,꽃이 잘 자라지 못하고 죽어버렸습니다.,
event.result.36.1.1,대응에 성공한뒤 역 공격하여 상대의 COMA를 가져왔습니다.,
event.result.36.1.2,대응에 실패하여 COMA를 잃었습니다.,
event.result.37.1.1,"털 관리가 성공적으로 끝났습니다.
동물형 선원들의 몸이 가벼워 졌습니다.",
event.result.37.1.2,"털이 꼬여서 관리에 실패했습니다.
동물형 선원들이 실망하였습니다.",
event.result.38.1.1,"젤라틴 요리가 성공적으로 완료되었습니다.
부정형 선원들이 매우 좋아합니다.",
event.result.38.1.2,"젤라틴 요리가 실패하였습니다.
부정형 선원들이 실망합니다.",
event.result.39.1.1,"윤활유 양이 충분하였습니다.
기계형 선원들 몸이 가벼워 졌습니다.",
event.result.39.1.2,윤활유가 적당히 있었습니다. 기계형 선원들이 조금 좋아합니다.,
event.result.39.1.3,윤활유가 부족했습니다. 기계형 선원들이 실망한 듯 합니다.,
event.result.40.1.1,"아름다운 은하수를 관찰하였습니다.
무언가 차이가 있는 것 같지는 않습니다.",
event.result.40.1.2,"은하수에서 신비로운 힘이 흘러들어옵니다.
선원들의 HP와 사기가 상승합니다.",
event.result.41.1.1,로봇 청소기가 잘 작동하여 함내가 깨끗해졌습니다. 선원들이 좋아합니다.,
event.result.41.1.2,로봇 청소기가 망가진듯 합니다. 선원들이 실망합니다.,
event.result.42.1.1,"상자에서 게임기가 발견되었습니다.
인간형 선원들이 매우 기뻐합니다.",
event.result.42.1.2,"상자에는 그저 부스러기만 있었습니다.
선원들이 실망했습니다.",
event.result.42.1.3,"이런! 상자가 폭발하였습니다.
선원들의 체력이 감소합니다.",
event.result.42.2.1,의심스러운 상자를 열지 않기로 결정하였습니다.,
event.result.43.1.1,해적과의 전투에 돌입합니다.,
event.result.44.1.1,"선원들의 체력이 회복됩니다.
선원들의 사기가 증가합니다.",
event.result.45.1.1,지원금 500COMA를 수령하였습니다.,
event.result.46.1.1,해독에 성공하였습니다. 흥미로운 내용에 선원들이 좋아합니다.,
event.result.46.1.1,해독에 실패하였습니다. 선원들이 피로를 호소합니다.,
event.result.46.2.1,해독하지 않기로 결정하였습니다.,
event.result.47.1.1,"에어컨을 틀었지만 역부족이었습니다.
기계형 선원을 제외하고 힘이 빠지게 되었습니다.",
event.result.47.1.2,"에어컨이 효과가 있었습니다.
선원들이 다시 활기를 되찾았습니다.",
event.result.48.1.1,"의료봇의 효과가 매우 좋았습니다.
선원들의 체력이 회복됩니다.",
event.result.48.1.2,"멀쩡해 보였지만, 내부가 망가진 듯 합니다.
아무일도 일어나지 않았습니다.",
event.result.48.1.3,"이런! 의료봇이 터져버렸습니다.
선원들이 파편에 피해를 입었습니다.",
event.result.48.2.1,"당신은 의료봇을 가동하지 않기로 결정했습니다.
우주를 떠다니는데는 이유가 있을 거라고 생각했습니다.",
event.result.49.1.1,"인간형 선원중 꽃가루 알레르기가 있는 선원이 많았습니다.
인간형 선원들의 사기가 감소합니다.
곤충형 선원들의 사기가 증가합니다.",
event.result.49.1.2,"다행히 선원중 알레르기가 있는 선원이 없었습니다.
곤충형 선원들의 사기가 증가합니다.",
event.result.50.1.1,돈을 들여 함선을 정비하였습니다.,
event.result.50.2.1,점검하지 않았으나 다행히 문제가 생기지 않았습니다.,
event.result.50.2.2,함선에 문제가 발생하였습니다. 선체 일부가 파괴됩니다.,
event.result.51.1.1,"축하합니다!
1등에 당첨되어 50000COMA를 받았습니다!",
event.result.51.1.2,"운이 좋았습니다!
2등에 당첨되어 10000COMA를 받았습니다!",
event.result.51.1.3,3등에 당첨되어 5000COMA를 받았습니다!,
event.result.51.1.4,4등에 당첨되어 2000COMA를 받았습니다.,
event.result.51.1.5,5등에 당첨되어 1000COMA를 받았습니다.,
event.result.51.1.6,꽝입니다.,
event.result.51.2.1,당신은 구매하지 않기로 결정했습니다.,
event.result.52.1.1,"선원들이 매우 능숙하게 소행성대를 통과하였습니다.
선원들의 사기가 대폭 증가합니다.",
event.result.52.1.2,"선원들이 능숙하게 소행성대를 통과하였습니다.
선원들의 사기가 증가합니다.",
event.result.52.1.3,"이런! 함선이 소행성과 충돌하였습니다.
함선 일부가 파손되었습니다.
선원들의 사기가 감소합니다.",
event.result.52.2.1,"당신은 소행성대를 돌아가기로 결정했습니다.
굳이 모험을 하지 않기로 결정하였습니다.",
event.result.53.1.1,"우주 먼지의 양이 상당했습니다.
인간형 선원들이 기침하기 시작했습니다.
기계형 선원들도 삐꺽이기 시작했습니다.
먼지 내부에서 COMA가 발견되었습니다.",
event.result.53.1.2,"다행히 먼지의 양이 많지는 않았습니다.
인간형 선원들과 기계형 선원들이 조금의 불편을 호소합니다.
먼지 내부에서 COMA를 발견하였습니다.",
event.result.53.1.3,"우주 먼지의 양이 심각했습니다.
인간형 선원들이 심하게 기침하기 시작했습니다.
기계형 선원들이 움직이지 못합니다.
방 일부가 파괴되었습니다.",
event.result.54.1.1,"함선 내부 수색은 성공적이었습니다.
미처 챙겨가지 못한 COMA를 발견하였습니다.
선원들은 지쳤으나, 성공적인 발견에 사기가 오른듯 합니다.",
event.result.54.1.2,"열심히 수색하였으나, 아무것도 발견하지 못했습니다.
선원들이 지쳤습니다.",
event.result.54.2.1,"당신은 고철선을 수색하지 않고 그냥 지나가기로 결정했습니다.
선원들의 체력을 소모하지 않기로 결정하였습니다.",
event.result.55.1.1,"성공적으로 빠르게 수리하였습니다.
다행히 큰 문제는 발생하지 않았습니다.",
event.result.55.1.2,"수리에 성공했으나, 함내에 습기가 가득찼습니다.
일부 방에 문제가 발생하였습니다.
곤충형 선원들의 더듬이가 무거워져 혼란스러워 합니다.
부정형 선원들은 습기를 좋아하는 것 같습니다.",
event.result.56.1.1,연료상인한테 연료를 구매하였습니다.,
event.result.56.2.1,"당신은 행성에 도착할때까지 충분한 연료가 있다고 판단하여
연료를 구매하지 않기로 결정했습니다.",
event.result.57.1.1,"이런! 해적이 보낸 가짜신호였습니다.
전투에 돌입합니다.",
event.result.57.1.2,"당신은 구조 신호가 발신된 장소에 도착했습니다.
하지만 주변은 적막함만이 감돌고 있습니다.",
event.result.57.2.1,"당신은 구조신호가 잡히는 곳으로 가지 않기로 결정했습니다.
구조신호 근처에 다른 함선이 있었을 거라고 판단했습니다.",
event.result.58.1.1,"주유소에 연료가 넉넉하게 있었습니다.
대량의 연료가 충전됩니다.",
event.result.58.1.2,"주유소에 연료가 적당히 있었습니다.
적당량의 연료가 충전됩니다.",
event.result.58.1.3,"주유소에 연료가 조금밖에 남아있지 않았습니다.
소량의 연료가 충전됩니다.",
event.result.59.1.1,"당신은 중력 왜곡 지대를 무사히 돌파하였습니다.
연료가 평범하게 소비되었습니다.",
event.result.59.1.2,"중력 왜곡 지대에서 시간 왜곡이 발생하였습니다.
시간이 매우 느리게 흘러 연료 소모량이 증가합니다.",
event.result.59.1.3,"중력 왜곡 지대에서 시간 왜곡이 발생하였습니다.
시간이 매우 빠르게 흘러 연료 소모량이 감소합니다.",
event.result.59.2.1,"당신은 중력 왜곡 지대를 우회하기로 결정하였습니다.
연료가 조금 더 소모되었습니다.",
event.result.60.1.1,인간형 선원들의 사기가 감소했습니다.,
event.result.61.1.1,"선원들이 파티에 매우 만족하였습니다.
체력과 사기가 회복됩니다.",
event.result.61.2.1,"당신은 파티를 개최하지 않았습니다.
선원들은 아쉬워하면서도 이해하는 분위기입니다.",
event.result.62.1.1,선원들은 휴식을 취했습니다. 피로가 사라진듯 합니다.,
event.result.62.1.2,과로로 인해 선원들의 사기가 떨어졌습니다.,
event.result.62.1.3,일부 선원들이 환각을 보아 함선의 일부를 파괴하였습니다.,
event.result.63.1.1,"연마는 성공적 이었습니다.
동물형 선원의 발톱과 기계형 선원의 무기가 날카로워졌습니다.",
event.result.63.1.2,"이런! 연마를 실패하였습니다.
동물형 선원과 기계형 선원의 무기가 무뎌졌습니다.",
event.result.63.2.1,당신은 연마를 하지 않도록 결정했습니다.,
event.result.64.1.1,"오로라가 함선을 부드럽게 감쌉니다.
선원들은 아름다운 광경에 사기가 올랐습니다.",
event.result.64.1.2,"오로라가 함선을 감쌉니다.
선원들은 좋아하지만, 함선에 이상이 생긴듯 합니다.",
event.result.65.1.1,"당신은 책을 구매하였습니다.
선원들한테 매우 잘 맞는 책이었나봅니다.",
event.result.65.1.2,"당신은 책을 구매하였습니다. 선원들은 조금 흥미를 보이지만, 이내 관심을 돌렸습니다.",
event.result.65.2.1,당신은 책을 구매하지 않기로 결정하였습니다.,
event.result.66.1.1,"함선의 일부분이 파손되었으나
다행히 선원들에게 피해는 없었습니다.",
event.result.66.1.2,"함선의 일부분이 파손되었습니다.
운이없게도 파손되면서 파편이 선원들한테도 영향을 미쳤습니다.
",
event.result.67.1.1,당신은 전투를 피하고 통행료를 내기로 결정했습니다.,
event.result.67.2.1,"당신은 통행료 내는것을 거부하였습니다.
전투를 시작합니다.",
event.result.68.1.1,선원들이 오염된 음식을 소량 섭취하였습니다.,
event.result.68.1.2,선원들이 오염된 음식을 대량 섭취하였습니다.,
event.result.69.1.1,선원들의 체력이 회복됩니다.,
event.result.70.1.1,휴게소 내 시설이 아주 잘 갖춰져 있었습니다. 선원들의 사기가 대폭 증가합니다.,
event.result.70.1.2,휴게소 내 시설이 적당했습니다. 선원들의 사기가 증가합니다.,
event.result.71.1.1,"인간형 선원과 동물형 선원이 심각한 두통을 호소합니다.
부정형 선원은 고주파를 좋아하는 듯 합니다.",
event.result.72.1.1,선원들이 VR기계를 통해 전투하는 방법을 습득하였습니다.,
event.result.72.1.2,"선원들이 VR기계에 푹 빠진 나머지 항해하는 것도 잊어버렸습니다.
연료를 소모하였습니다.",
event.result.72.2.1,당신은 선원들한테 VR사용시간을 주지 않기로 하였습니다.,
,,
,,
,,
,,
,,
,,
,,
room.roomtype.engine,엔진실,Engine Room
room.roomtype.power,전력실,Power Room
room.roomtype.shield,배리어실,Shield Room
room.roomtype.oxygen,산소실,Oxygen Room
room.roomtype.cockpit,조종실,Cockpit
room.roomtype.weaponcontrol,조준석,Weapons Control Room
room.roomtype.ammunition,탄약고,Ammunition Room
room.roomtype.medbay,의무실,Medbay
room.roomtype.storage,창고,Storage
room.roomtype.corridor,복도,Corridor
room.roomtype.crewquarters,선원 숙소,Crewquarters
room.roomtype.lifesupport,생활 시설,Lifesupport Room
room.roomtype.teleporter,텔레포터,Teleporter Room
,,
,,
item.category.mineral,광물,mineral
item.category.livestock,동물,livestock
item.category.weapon,무기,weapon
item.category.gem,보석,gem
item.category.luxury,사치품,luxury
item.category.material,소재,material
item.category.food,식량,food
item.category.artifact,유물,artifact
item.category.spice,향신료,spice
item.category.medicine,의약품,medicine
,,
,,
,,
,,
,,
,,
,,
,,
,,
,,
,,
,,
,,
,,
,,
,,
,,
,,
,,
,,
,,
,,
,,
,,
,,
,,
,,
,,
,,
,,
,,
,,
,,
,,
,,
,,
,,
,,
,,
,,
,,
,,
,,
,,
,,
,,
,,
,,
,,
,,
,,
,,
,,
,,
,,
,,
,,
,,
,,
,,
,,
,,
,,
,,
,,
,,
,,
,,
quest.name.0,선원 수송,Crew Transport
quest.name.1,아이템 조달,Item Procurement
quest.name.2,아이템 수송,Item Transport
quest.name.3,해적 사냥,Pirate Hunt
,,
quest.description.0,선원 수송 퀘스트,Crew Transport Quest
quest.description.1,아이템 조달 퀘스트,Item Procurement Quest
quest.description.2,아이템 수송 퀘스트,Item Transport Quest
quest.description.3,해적 사냥 퀘스트,Pirate Hunt Quest
,,
quest.objdescription.0,선원 수송 퀘스트,Crew Transport Quest
quest.objdescription.1,아이템 조달 퀘스트,Item Procurement Quest
quest.objdescription.2,아이템 수송 퀘스트,Item Transport Quest
quest.objdescription.3,해적 사냥 퀘스트,Pirate Hunt Quest
,,
,,
,,
,,
,,
,,
,,
,,
,,
,,
,,
,,
,,
,,
,,
,,
,,
,,
,,
,,
,,
,,
,,
,,
,,
,,
,,
,,
,,
,,
,,
,,
,,
,,
quest.name.00,소고기 축제,Beef Festial
shipweapon.description.0,가장 기초적인 형태의 레이저 무기,The most basic form of laser weapon
shipweapon.description.1,조금 진화된 레이저 무기,A slightly evolved laser weapon
shipweapon.description.2,제법 진화된 레이저 무기,A moderately evolved laser weapon
shipweapon.description.3,고속 충전이 가능한 모델입니다.,A model capable of high-speed charging
shipweapon.description.4,급속 충전이 가능해졌습니다,Now capable of rapid charging
shipweapon.description.5,"급속 충전, 급속 전투!","Rapid charge, rapid combat!"
shipweapon.description.6,원시적인 미사일 무기,Primitive missile weapon
shipweapon.description.7,진보된 미사일 무기,Advanced missile weapon
shipweapon.description.8,한층 더 진보된 미사일 무기,A further advanced missile weapon
shipweapon.description.9,초음속탄을 날리는 가장 진보된 무기,The most advanced weapon that fires supersonic projectiles
shipweapon.description.10,초음속탄을 날리는 한층 더 진보된 무기,A more advanced weapon that fires supersonic projectiles
shipweapon.description.11,초음속탄을 날리는 무기 기술의 최종체,The ultimate evolution of supersonic projectile weapon technology
shipweapon.warhead.0,기본,Default
shipweapon.warhead.1,미사일탄,Missile
shipweapon.warhead.2,초음속탄,Supersonic
shipweapon.warhead.description.0,기본,Default
shipweapon.warhead.description.1,,
shipweapon.warhead.description.2,,
shipweapon.effect.0,없음,Empty
shipweapon.effect.1,광역 공격,Splash Damage
shipweapon.effect.2,배리어 강타,Barrior Bonus Damage
shipweapon.effect.description.0,부가효과가 없습니다.,No additional effects
shipweapon.effect.description.1,착탄 지점 주변 {0}칸에 고유피해량의 {1}%만큼 선원 대상 피해 발생,"Deals damage to crew members within {0} tiles of the impact point, equal to {1}% of the base damage."
shipweapon.effect.description.2,"배리어 피격 시, 피해량 {0}배",Damage is multiplied by {0} when hitting a barrier.
,,
,,
,,
,,
,,
,,
,,
,,
,,
,,
,,
ui.trade.text.0,구매,Buy
ui.trade.text.1,판매,Sell
ui.trade.text.2,모양,Shape
ui.trade.text.3,아이콘,Icon
ui.trade.text.4,이름,Name
ui.trade.text.5,분류,Category
ui.trade.text.6,최대적재량,Capacity
ui.trade.text.7,시세,Price
ui.trade.text.8,구매,Buy
ui.trade.text.9,수량,Quantity
ui.trade.text.10,판매,Sell
ui.trade.text.11,닫기,Close
ui.trade.goback,나가기,Exit
,,
,,
,,
,,
,,
,,
,,
,,
,,
,,
,,
ui.event.text.0,계속,Continue
,,
ui.quest.text.0,수락,Accept
ui.quest.text.1,거절,Decline
ui.quest.text.2,완료,Complete
ui.quest.text.3,퀘스트목록,QuestList
ui.quest.text.4,닫기,Close
,,
,,
,,
ui.morale.tooltip.1,{0} 선원의 사기 : {1},Morale of the {0}-type crew member: {1}
ui.morale.tooltip.2,"

이벤트 내역","

Event History"
ui.morale.tooltip.3,"
• {0} : {1}년 남음","
• {0} : {1} years left"
ui.morale.tooltip.4,모든 선원의 사기 : {0},Morale of all crew: {0}
,,
,,
ui.main.start,새로운 시작,New Start
ui.main.continue,이어하기,Continue
ui.main.settings,환경 설정,Settings
ui.main.exit,게임 종료,Exit
ui.main.settings.title,환경 설정,Settings
ui.main.settings.bgm,배경 음악,BGM
ui.main.settings.language,언어,Language
ui.main.settings.reset,데이터 초기화,Data Reset
ui.main.settings.confirm,확인,Confirm
ui.main.settings.cancel,취소,Cancel
ui.main.settings.sfx,효과음,SFX
ui.main.settings.credit,크레딧,Credits
ui.main.settings.mainmenu,메인메뉴,Main Menu
,,
ui.event.continue,계속하기,Continue
,,
ui.idle.planet.arrive,행성 착륙,Land on Planet
ui.idle.ending,엔딩 보기,Ending
ui.idle.shipstat,"선원 고용수 : {0}/{1}
잔여 전력량 : {2}/{3}
배리어 : {4}/{5}
명중률 : {6}%
재장전 속도 : {7}%
피해량 : {8}%
회피율 : {9}%
연료 효율 : {10}%
산소량 : {11}%
","Crew: {0}/{1}
Remaining Power: {2}/{3}
Shield: {4}/{5}
Accuracy: {6}%
Reload Speed: {7}%
Damage: {8}%
Evasion: {9}%
Fuel Efficiency: {10}%
Oxygen Level: {11}%"
,,
,,
,,
ui.warp.check,해당 노드로 워프하시겠습니까?,Are you going to warp?
ui.warp.confirm,승인,Yes
ui.warp.cancel,취소,No
ui.quest.objective.itemtransport,{0}을/를 {1}개 확보하여 {2}로 수송하세요.,Secure {1} units of {0} and transport them to the destination planet {2}.
ui.quest.objective.itemprocurement,{0}을/를 {1}개 확보하여 행성으로 조달하세요.,Retrieve {1} units of {0} from other planets and deliver them back to the requesting planet.
ui.quest.objective.crewtransport,선원 {0}명을 {1}로 수송하세요.,Transport {0} crew members safely to the destination planet {1}.
ui.quest.objective.piratehunt,해적 {0}명을 죽이세요.,Eliminate {0} pirates threatening the sector.
ui.quest.complete.text,"퀘스트를 완료하였습니다!
보상: {0} COMA","You have completed the quest!
Reward: {0} COMA"
ui.quest.objective.duration,남은 기간,Years left
,,
ui.roominfo.title,시설 정보,Room Info
,,
ui.planetinfo.title,<행성 정보>,<Planet Info>
ui.planetinfo.sis.description,어인 종족이 문명을 이루는 행성으로 행성 전체가 바다로 뒤덮여있다.,"A planet inhabited by an aquatic race, entirely covered in ocean."
ui.planetinfo.cck.description,조류 종족이 문명을 이루는 행성으로 행성 전체에 걸쳐 험준한 산맥이 끝없이 펼쳐져있다.,"A planet inhabited by an avian race, with endless rugged mountain ranges stretching across its surface."
ui.planetinfo.icm.description,전신이 흰색 털로 뒤덮인 설인들이 문명을 이뤄 살고 있는 행성으로 행성 전체에 항상 혹독한 눈보라가 휘몰아칩니다.,"A planet where white-furred yetis have built their civilization, constantly battered by brutal snowstorms."
ui.planetinfo.rce.description,인간형 종족이 터를 잡고 살아가는 행성으로 다양한 기후와 날씨가 끊임없이 순환합니다.,"A planet settled by humanoid species, experiencing a wide and ever-changing range of climates and weather."
ui.planetinfo.ktl.description,부정형 종족이 터를 잡고 살아가는 행성으로 전체적으로 어둡고 음산한 분위기가 감돌고 있습니다.,"A planet inhabited by amorphous beings, shrouded in a dark and eerie atmosphere."
ui.planetinfo.event.title,행성 이벤트,Planet Event
ui.planetinfo.quest.active,진행 중인 퀘스트,Active Quests
ui.planetinfo.event.increase,상승,Increase
ui.planetinfo.event.decrease,하락,Decrease
ui.planetinfo.quest.inactive,대기 중인 퀘스트,Pending Quest
,,
,,
ui.crewinfo.attack,공격력,ATK
ui.crewinfo.defense,방어력,DEF
ui.crewinfo.skill,시설 숙련도,Room Skill
,,
ship.shipstat.dodgechance,회피율,Dodge Chance
ship.shipstat.hitpointsmax,선체 최대 체력,Hitpoints Max
ship.shipstat.fuelefficiency,연료 효율,Fuel Efficiency
ship.shipstat.fuelconsumption,연료 사용량,Fuel Consumption
ship.shipstat.shieldmaxamount,배리어 최대 용량,Shield Max Amount
ship.shipstat.oxygengeneratepersecond,산소 생산량,Oxygen Generation
ship.shipstat.oxygenusingpersecond,산소 소모량,Oxygen Using
ship.shipstat.powerusing,파워 소모량,Power Using
ship.shipstat.powercapacity,파워 생산량,Power Capacity
ship.shipstat.shieldrespawntime,배리어 리스폰 쿨타임,Shield Respawn Time
ship.shipstat.healpersecond,체력 회복량,Heal Per Second
ship.shipstat.crewcapacity,선원 최대 고용수,Crew Capacity
ship.shipstat.damagereduction,피해 감소율,Damage Reduction
ship.shipstat.accuracy,무기 명중률,Accuracy
ship.shipstat.reloadtimebonus,무기 재장전 시간 보너스,Reloadtime Bonus
ship.shipstat.damagebonus,무기 피해량 보너스,Damage Bonus
ship.shipstat.crewmoralebonus,전체 사기 보너스,Crew Morale Bonus
,,
room.damagelevel.good,정상,Good
room.damagelevel.scratch,경미한 손상,Scratch
room.damagelevel.breakdown,파괴,Breakdown
,,
room.active.true,활성화,Active
room.active.false,비활성화,Inactive
,,
ui.quest.cancel.confirm,승인,Confirm
ui.quest.cancel.cancel,취소,Cancel
,,
,,
,,
,,
,,
ui.quest.title.itemtransport,물건 배달,Item Delivery
ui.quest.title.itemprocurement,물건 조달,Item Procurement
ui.quest.title.crewtransport,선원 에스코트,Crew Escort
ui.quest.title.piratehunt,해적 소탕,Pirate Hunt
,,
ui.questinfo.duration,남은 기한,Years Left
ui.questinfo.inactive,수락 전,Not Accepted
,,
,,
ui.planet.trade,거래,Trade
ui.planet.blueprint,함선 개조,Ship Tuning
ui.planet.storage,거점 창고,Storage
ui.planet.employ,고용,Employ
ui.planet.exit,행성 떠나기,Exit Planet
ui.planet.alert.title,경고,Alert
ui.planet.alert.destroyed,파괴된 시설,Destroyed Room
ui.planet.alert.repair,수리,Repair
ui.planet.quest.completable,완료 가능한 퀘스트,Completable Quests
ui.planet.quest.active,진행 중인 퀘스트,Active Quests
ui.planet.quest.available,수락 가능한 퀘스트,Available Quests
ui.planet.quest.list.title,<퀘스트 목록>,<Quests>
ui.planet.quest.description.title,<설명>,<Description>
